{"type": "block", "layer": 0, "block": 23, "features": [{"geom": {"polygons": [[[[11.722478355813248, -9.208541915372768], [11.879497203543776, -9.26750481084422], [12.093607150351094, -9.347905665336443], [11.89787745880655, -9.869403849104833], [11.518130547135996, -9.727505974760891], [11.539372163876738, -9.67664547066284], [11.542471753998063, -9.668349354881073], [11.330702207159216, -9.610161356938715], [11.129891177422312, -9.554981322744046], [10.962921702976292, -9.50910267680251], [11.077795025932712, -9.380537752182857], [11.129891177422312, -9.347484183883745], [11.228847686280252, -9.284696540833906], [11.376664625846445, -9.240789171325536], [11.400005796023882, -9.233856979937704], [11.57757775356627, -9.23186737819911], [11.648619626075696, -9.247257994985725], [11.652889416192869, -9.248184730544624], [11.655703655529148, -9.248794700533606], [11.662740562817275, -9.250318316622236], [11.695388357054416, -9.257391874502947], [11.695655382538984, -9.257449468238704], [11.703001201693287, -9.259041149624402], [11.722478355813248, -9.208541915372768]]]], "centroids": [[11.603969040158834, -9.488330058552094, 14.935630010974043]], "h": 0.31414764714276594}, "mtl": {"face": 0}}, {"geom": {"polygons": [[[[11.89787745880655, -9.869403849104833], [12.093607150351094, -9.347905665336443], [12.12972104028176, -9.361578941651965], [13.339600491635773, -9.819823496642073], [13.44597088495042, -9.860110314517346], [13.39789320544682, -9.988989386783825], [13.302591280894893, -10.244464725028077], [13.135435935757577, -10.692549221530646], [12.68677550190237, -10.522045586043747], [12.745450428695026, -10.365024120413755], [12.578897199857808, -10.329020182101189], [12.230033619829516, -10.198664615945674], [12.297297866861479, -10.018652778338781], [11.89787745880655, -9.869403849104833]]]], "centroids": [[12.701653180851647, -9.984202355453782, 14.939265091424737]], "h": 0.31414764714276594}, "mtl": {"face": 0}}, {"geom": {"polygons": [[[[13.39789320544682, -9.988989386783825], [13.66477472118518, -10.089176307225616], [13.568828793953823, -10.344028585969816], [13.302591280894893, -10.244464725028077], [13.39789320544682, -9.988989386783825]]]], "centroids": [[13.483515860490158, -10.166592452123748, 14.908522696756021]], "h": 0.31414764714276594}, "mtl": {"face": 0}}, {"geom": {"polygons": [[[[14.122749632778298, -10.258501889061298], [14.490852138309872, -10.397014822454691], [14.718661540442646, -10.576000444388363], [14.472788648612433, -10.887975237023952], [14.601353573213427, -10.989366390113174], [14.123241797417629, -11.596647824701908], [14.00155408841275, -11.751211084966917], [13.723049109725082, -12.104957043058361], [13.02823305117542, -11.561010392004226], [13.243843052987181, -11.290791057572447], [13.191720722521561, -11.250606337708676], [13.366282098463644, -11.029210783359039], [13.458772401574192, -11.102250111293278], [14.122749632778298, -10.258501889061298]]]], "centroids": [[13.899295204839557, -11.168850281744795, 14.898839801137912]], "h": 0.31414764714276594}, "mtl": {"face": 0}}, {"geom": {"polygons": [[[[12.344404306547963, -11.19713840813892], [12.402228416803862, -11.227519103488733], [12.387439916322297, -11.257182495096261], [12.329322601585236, -11.227390826558722], [12.344404306547963, -11.19713840813892]]]], "centroids": [[12.365753863515694, -11.227258412705005, 14.916756353706536]], "h": 0.31414764714276594}, "mtl": {"face": 0}}, {"geom": {"polygons": [[[[12.634011786651833, -11.009024179159391], [12.6508893689947, -10.960569522484171], [12.726808383731381, -10.988057441582955], [12.707904549067251, -11.036577545710628], [12.634011786651833, -11.009024179159391]]]], "centroids": [[12.680030431380429, -10.998495800480114, 14.917508935197645]], "h": 0.31414764714276594}, "mtl": {"face": 0}}], "featureCount": 6}